,mse,mape
PETR4,0.8507632224211615,1.4625801293965222
VALE3,1.49073860299357,1.5608479122081633
BOVA11,0.6319731828135396,0.6250555292470046
ITUB4,0.09226898064603263,1.3485982893228174
BBDC4,0.4613256513089662,1.7542863954248484
B3SA3,0.6982347256086441,1.9436217156294966
BBAS3,0.27346242671409443,1.1938497906521288
ABEV3,0.15268731352892,1.2421731744569522
MGLU3,1.7337040400805903,2.5907398726229545
VVAR3,0.01618179829911468,2.256926301639207
